{
    "delta": 0.01779885720119529,
    "omega": 1.0000000000005667,
    "e1q": 0.9999119034877563,
    "e1d": 0.011098936936896715,
    "i_d": 0.00012594324386256133,
    "i_q": 0.009999042285492537,
    "p_t": 0.009999700009875016,
    "q_t": -5.003889987180535e-05,
    "v_t": 0.9999989792221401,
    "theta_t": 0.00019999420568037366,
    "v_f": 1.0001020777859888
}