{
    "delta": 0.11922380611990854,
    "omega": 1.000000000003795,
    "e1q": 1.081740826190753,
    "e1d": 0.07468961627361438,
    "i_d": 0.2769928303372496,
    "i_q": 0.0672879425888418,
    "p_t": 0.09975624191417178,
    "q_t": 0.26864825041706225,
    "v_t": 1.0053424436173837,
    "theta_t": 0.0019845239406024407
}