{
    "delta": 0.8343142276188498,
    "omega": 1.000000000026557,
    "e1q": 0.7676723261851796,
    "e1d": 0.4625358872303007,
    "i_d": 0.29605107412705706,
    "i_q": 0.41669899750477546,
    "p_t": 0.4992161471209602,
    "q_t": -0.10462663076060957,
    "v_t": 0.9978529055188297,
    "theta_t": 0.0100059733186968,
    "v_f": 1.214709448117036
}